accuracy,f1_score,recall,precision,f1_score_micro,recall_micro,precision_micro,f1_score_weighted,recall_weighted,precision_weighted,auc_ovo,auc,fold,project,layer,target,classifier,dge_filtering
0.7941176470588235,0.3636363636363636,0.24,0.75,0.0,0.0,0.0,0.0,0.0,0.0,0.0,0.752987012987013,1,TCGA-LGG,mirna,vital_status,rf,
0.7450980392156863,0.3809523809523809,0.32,0.4705882352941176,0.0,0.0,0.0,0.0,0.0,0.0,0.0,0.6885714285714286,2,TCGA-LGG,mirna,vital_status,rf,
0.7843137254901961,0.3888888888888889,0.28,0.6363636363636364,0.0,0.0,0.0,0.0,0.0,0.0,0.0,0.6519480519480519,3,TCGA-LGG,mirna,vital_status,rf,
0.7941176470588235,0.3225806451612903,0.2,0.8333333333333334,0.0,0.0,0.0,0.0,0.0,0.0,0.0,0.7096103896103897,4,TCGA-LGG,mirna,vital_status,rf,
0.7623762376237624,0.3333333333333333,0.24,0.5454545454545454,0.0,0.0,0.0,0.0,0.0,0.0,0.0,0.755,5,TCGA-LGG,mirna,vital_status,rf,
0.7058823529411765,0.4642857142857143,0.52,0.4193548387096774,0.0,0.0,0.0,0.0,0.0,0.0,0.0,0.6685714285714286,1,TCGA-LGG,mirna,vital_status,lr,
0.7058823529411765,0.5588235294117647,0.76,0.4418604651162791,0.0,0.0,0.0,0.0,0.0,0.0,0.0,0.7688311688311688,2,TCGA-LGG,mirna,vital_status,lr,
0.5686274509803921,0.3714285714285714,0.52,0.2888888888888888,0.0,0.0,0.0,0.0,0.0,0.0,0.0,0.6020779220779221,3,TCGA-LGG,mirna,vital_status,lr,
0.6862745098039216,0.4666666666666667,0.56,0.4,0.0,0.0,0.0,0.0,0.0,0.0,0.0,0.6987012987012987,4,TCGA-LGG,mirna,vital_status,lr,
0.6732673267326733,0.3529411764705882,0.36,0.3461538461538461,0.0,0.0,0.0,0.0,0.0,0.0,0.0,0.6663157894736842,5,TCGA-LGG,mirna,vital_status,lr,
0.4215686274509804,0.4271844660194174,0.88,0.282051282051282,0.0,0.0,0.0,0.0,0.0,0.0,0.0,0.6558441558441559,1,TCGA-LGG,mirna,vital_status,nb,
0.7156862745098039,0.4528301886792453,0.48,0.4285714285714285,0.0,0.0,0.0,0.0,0.0,0.0,0.0,0.7485714285714284,2,TCGA-LGG,mirna,vital_status,nb,
0.7647058823529411,0.4782608695652174,0.44,0.5238095238095238,0.0,0.0,0.0,0.0,0.0,0.0,0.0,0.6971428571428572,3,TCGA-LGG,mirna,vital_status,nb,
0.7156862745098039,0.3829787234042553,0.36,0.4090909090909091,0.0,0.0,0.0,0.0,0.0,0.0,0.0,0.6594805194805196,4,TCGA-LGG,mirna,vital_status,nb,
0.7524752475247525,0.4186046511627907,0.36,0.5,0.0,0.0,0.0,0.0,0.0,0.0,0.0,0.7110526315789474,5,TCGA-LGG,mirna,vital_status,nb,
0.6601941747572816,0.3137254901960784,0.2285714285714285,0.5,0.0,0.0,0.0,0.0,0.0,0.0,0.0,0.6621848739495799,1,TCGA-KIRC,mirna,vital_status,rf,
0.7572815533980582,0.4680851063829787,0.3142857142857143,0.9166666666666666,0.0,0.0,0.0,0.0,0.0,0.0,0.0,0.7180672268907563,2,TCGA-KIRC,mirna,vital_status,rf,
0.6862745098039216,0.1578947368421052,0.088235294117647,0.75,0.0,0.0,0.0,0.0,0.0,0.0,0.0,0.5908304498269896,3,TCGA-KIRC,mirna,vital_status,rf,
0.6274509803921569,0.2692307692307692,0.2058823529411764,0.3888888888888889,0.0,0.0,0.0,0.0,0.0,0.0,0.0,0.6723615916955018,4,TCGA-KIRC,mirna,vital_status,rf,
0.7549019607843137,0.4897959183673469,0.3529411764705882,0.8,0.0,0.0,0.0,0.0,0.0,0.0,0.0,0.8308823529411765,5,TCGA-KIRC,mirna,vital_status,rf,
0.6407766990291263,0.5194805194805194,0.5714285714285714,0.4761904761904761,0.0,0.0,0.0,0.0,0.0,0.0,0.0,0.6121848739495799,1,TCGA-KIRC,mirna,vital_status,lr,
0.6116504854368932,0.4444444444444444,0.4571428571428571,0.4324324324324324,0.0,0.0,0.0,0.0,0.0,0.0,0.0,0.6201680672268908,2,TCGA-KIRC,mirna,vital_status,lr,
0.6372549019607843,0.4307692307692308,0.4117647058823529,0.4516129032258064,0.0,0.0,0.0,0.0,0.0,0.0,0.0,0.6046712802768165,3,TCGA-KIRC,mirna,vital_status,lr,
0.5784313725490197,0.4556962025316455,0.5294117647058824,0.4,0.0,0.0,0.0,0.0,0.0,0.0,0.0,0.58780276816609,4,TCGA-KIRC,mirna,vital_status,lr,
0.7058823529411765,0.625,0.7352941176470589,0.5434782608695652,0.0,0.0,0.0,0.0,0.0,0.0,0.0,0.731401384083045,5,TCGA-KIRC,mirna,vital_status,lr,
0.6699029126213593,0.3461538461538461,0.2571428571428571,0.5294117647058824,0.0,0.0,0.0,0.0,0.0,0.0,0.0,0.6609243697478991,1,TCGA-KIRC,mirna,vital_status,nb,
0.7281553398058253,0.391304347826087,0.2571428571428571,0.8181818181818182,0.0,0.0,0.0,0.0,0.0,0.0,0.0,0.6703781512605042,2,TCGA-KIRC,mirna,vital_status,nb,
0.6372549019607843,0.0512820512820512,0.0294117647058823,0.2,0.0,0.0,0.0,0.0,0.0,0.0,0.0,0.6115916955017301,3,TCGA-KIRC,mirna,vital_status,nb,
0.6862745098039216,0.3333333333333333,0.2352941176470588,0.5714285714285714,0.0,0.0,0.0,0.0,0.0,0.0,0.0,0.6492214532871973,4,TCGA-KIRC,mirna,vital_status,nb,
0.7843137254901961,0.5925925925925926,0.4705882352941176,0.8,0.0,0.0,0.0,0.0,0.0,0.0,0.0,0.7469723183391005,5,TCGA-KIRC,mirna,vital_status,nb,
0.7640449438202247,0.0,0.0,0.0,0.0,0.0,0.0,0.0,0.0,0.0,0.0,0.5413165266106443,1,TCGA-COAD,mirna,vital_status,rf,
0.7727272727272727,0.0,0.0,0.0,0.0,0.0,0.0,0.0,0.0,0.0,0.0,0.7194852941176472,2,TCGA-COAD,mirna,vital_status,rf,
0.7613636363636364,0.0,0.0,0.0,0.0,0.0,0.0,0.0,0.0,0.0,0.0,0.5441176470588235,3,TCGA-COAD,mirna,vital_status,rf,
0.7840909090909091,0.0952380952380952,0.05,1.0,0.0,0.0,0.0,0.0,0.0,0.0,0.0,0.5205882352941177,4,TCGA-COAD,mirna,vital_status,rf,
0.7727272727272727,0.0,0.0,0.0,0.0,0.0,0.0,0.0,0.0,0.0,0.0,0.4452205882352941,5,TCGA-COAD,mirna,vital_status,rf,
0.5730337078651685,0.24,0.2857142857142857,0.2068965517241379,0.0,0.0,0.0,0.0,0.0,0.0,0.0,0.4390756302521008,1,TCGA-COAD,mirna,vital_status,lr,
0.4772727272727273,0.28125,0.45,0.2045454545454545,0.0,0.0,0.0,0.0,0.0,0.0,0.0,0.4904411764705882,2,TCGA-COAD,mirna,vital_status,lr,
0.5,0.3529411764705882,0.6,0.25,0.0,0.0,0.0,0.0,0.0,0.0,0.0,0.5051470588235294,3,TCGA-COAD,mirna,vital_status,lr,
0.4090909090909091,0.2972972972972973,0.55,0.2037037037037037,0.0,0.0,0.0,0.0,0.0,0.0,0.0,0.4838235294117647,4,TCGA-COAD,mirna,vital_status,lr,
0.5113636363636364,0.2181818181818181,0.3,0.1714285714285714,0.0,0.0,0.0,0.0,0.0,0.0,0.0,0.4058823529411764,5,TCGA-COAD,mirna,vital_status,lr,
0.348314606741573,0.3255813953488372,0.6666666666666666,0.2153846153846154,0.0,0.0,0.0,0.0,0.0,0.0,0.0,0.4040616246498599,1,TCGA-COAD,mirna,vital_status,nb,
0.4431818181818182,0.3636363636363636,0.7,0.2456140350877192,0.0,0.0,0.0,0.0,0.0,0.0,0.0,0.6047794117647058,2,TCGA-COAD,mirna,vital_status,nb,
0.4659090909090909,0.2539682539682539,0.4,0.1860465116279069,0.0,0.0,0.0,0.0,0.0,0.0,0.0,0.4908088235294118,3,TCGA-COAD,mirna,vital_status,nb,
0.5113636363636364,0.3768115942028985,0.65,0.2653061224489796,0.0,0.0,0.0,0.0,0.0,0.0,0.0,0.5816176470588235,4,TCGA-COAD,mirna,vital_status,nb,
0.375,0.3529411764705882,0.75,0.2307692307692307,0.0,0.0,0.0,0.0,0.0,0.0,0.0,0.5095588235294117,5,TCGA-COAD,mirna,vital_status,nb,
0.6288659793814433,0.1818181818181818,0.1142857142857142,0.4444444444444444,0.0,0.0,0.0,0.0,0.0,0.0,0.0,0.5983870967741935,1,TCGA-OV,mirna,vital_status,rf,
0.5979381443298969,0.048780487804878,0.0285714285714285,0.1666666666666666,0.0,0.0,0.0,0.0,0.0,0.0,0.0,0.571889400921659,2,TCGA-OV,mirna,vital_status,rf,
0.6391752577319587,0.2553191489361702,0.1666666666666666,0.5454545454545454,0.0,0.0,0.0,0.0,0.0,0.0,0.0,0.5726320582877961,3,TCGA-OV,mirna,vital_status,rf,
0.6145833333333334,0.0975609756097561,0.0571428571428571,0.3333333333333333,0.0,0.0,0.0,0.0,0.0,0.0,0.0,0.5569086651053865,4,TCGA-OV,mirna,vital_status,rf,
0.6145833333333334,0.0975609756097561,0.0571428571428571,0.3333333333333333,0.0,0.0,0.0,0.0,0.0,0.0,0.0,0.6355971896955503,5,TCGA-OV,mirna,vital_status,rf,
0.5773195876288659,0.4810126582278481,0.5428571428571428,0.4318181818181818,0.0,0.0,0.0,0.0,0.0,0.0,0.0,0.5654377880184331,1,TCGA-OV,mirna,vital_status,lr,
0.4742268041237113,0.4269662921348314,0.5428571428571428,0.3518518518518518,0.0,0.0,0.0,0.0,0.0,0.0,0.0,0.4548387096774193,2,TCGA-OV,mirna,vital_status,lr,
0.5876288659793815,0.4871794871794871,0.5277777777777778,0.4523809523809524,0.0,0.0,0.0,0.0,0.0,0.0,0.0,0.6070127504553735,3,TCGA-OV,mirna,vital_status,lr,
0.5416666666666666,0.4883720930232558,0.6,0.4117647058823529,0.0,0.0,0.0,0.0,0.0,0.0,0.0,0.6201405152224824,4,TCGA-OV,mirna,vital_status,lr,
0.5520833333333334,0.3943661971830985,0.4,0.3888888888888889,0.0,0.0,0.0,0.0,0.0,0.0,0.0,0.5264637002341921,5,TCGA-OV,mirna,vital_status,lr,
0.4536082474226804,0.4752475247524752,0.6857142857142857,0.3636363636363636,0.0,0.0,0.0,0.0,0.0,0.0,0.0,0.5228110599078342,1,TCGA-OV,mirna,vital_status,nb,
0.3814432989690721,0.4444444444444444,0.6857142857142857,0.3287671232876712,0.0,0.0,0.0,0.0,0.0,0.0,0.0,0.4080645161290322,2,TCGA-OV,mirna,vital_status,nb,
0.4123711340206185,0.4672897196261682,0.6944444444444444,0.352112676056338,0.0,0.0,0.0,0.0,0.0,0.0,0.0,0.5232240437158471,3,TCGA-OV,mirna,vital_status,nb,
0.3958333333333333,0.4912280701754385,0.8,0.3544303797468354,0.0,0.0,0.0,0.0,0.0,0.0,0.0,0.506791569086651,4,TCGA-OV,mirna,vital_status,nb,
0.4479166666666667,0.4854368932038835,0.7142857142857143,0.3676470588235294,0.0,0.0,0.0,0.0,0.0,0.0,0.0,0.521311475409836,5,TCGA-OV,mirna,vital_status,nb,
0.6534653465346535,0.1860465116279069,0.1111111111111111,0.5714285714285714,0.0,0.0,0.0,0.0,0.0,0.0,0.0,0.5959401709401709,1,TCGA-LUAD,mirna,vital_status,rf,
0.6633663366336634,0.2916666666666667,0.1944444444444444,0.5833333333333334,0.0,0.0,0.0,0.0,0.0,0.0,0.0,0.6858974358974359,2,TCGA-LUAD,mirna,vital_status,rf,
0.5841584158415841,0.0869565217391304,0.054054054054054,0.2222222222222222,0.0,0.0,0.0,0.0,0.0,0.0,0.0,0.5534206081081081,3,TCGA-LUAD,mirna,vital_status,rf,
0.6039603960396039,0.0909090909090909,0.054054054054054,0.2857142857142857,0.0,0.0,0.0,0.0,0.0,0.0,0.0,0.5698902027027027,4,TCGA-LUAD,mirna,vital_status,rf,
0.66,0.32,0.2222222222222222,0.5714285714285714,0.0,0.0,0.0,0.0,0.0,0.0,0.0,0.6484375,5,TCGA-LUAD,mirna,vital_status,rf,
0.5346534653465347,0.4470588235294118,0.5277777777777778,0.3877551020408163,0.0,0.0,0.0,0.0,0.0,0.0,0.0,0.4606837606837606,1,TCGA-LUAD,mirna,vital_status,lr,
0.5544554455445545,0.4705882352941176,0.5555555555555556,0.4081632653061224,0.0,0.0,0.0,0.0,0.0,0.0,0.0,0.6153846153846154,2,TCGA-LUAD,mirna,vital_status,lr,
0.5643564356435643,0.5217391304347826,0.6486486486486487,0.4363636363636363,0.0,0.0,0.0,0.0,0.0,0.0,0.0,0.5190033783783784,3,TCGA-LUAD,mirna,vital_status,lr,
0.594059405940594,0.4810126582278481,0.5135135135135135,0.4523809523809524,0.0,0.0,0.0,0.0,0.0,0.0,0.0,0.5371621621621622,4,TCGA-LUAD,mirna,vital_status,lr,
0.55,0.5454545454545454,0.75,0.4285714285714285,0.0,0.0,0.0,0.0,0.0,0.0,0.0,0.6236979166666666,5,TCGA-LUAD,mirna,vital_status,lr,
0.6732673267326733,0.1951219512195122,0.1111111111111111,0.8,0.0,0.0,0.0,0.0,0.0,0.0,0.0,0.6151709401709402,1,TCGA-LUAD,mirna,vital_status,nb,
0.6633663366336634,0.2272727272727272,0.1388888888888889,0.625,0.0,0.0,0.0,0.0,0.0,0.0,0.0,0.6747863247863248,2,TCGA-LUAD,mirna,vital_status,nb,
0.6237623762376238,0.1363636363636363,0.081081081081081,0.4285714285714285,0.0,0.0,0.0,0.0,0.0,0.0,0.0,0.6294341216216216,3,TCGA-LUAD,mirna,vital_status,nb,
0.6336633663366337,0.3018867924528302,0.2162162162162162,0.5,0.0,0.0,0.0,0.0,0.0,0.0,0.0,0.6007179054054054,4,TCGA-LUAD,mirna,vital_status,nb,
0.66,0.2272727272727272,0.1388888888888889,0.625,0.0,0.0,0.0,0.0,0.0,0.0,0.0,0.7083333333333333,5,TCGA-LUAD,mirna,vital_status,nb,
0.7558139534883721,0.3225806451612903,0.25,0.4545454545454545,0.0,0.0,0.0,0.0,0.0,0.0,0.0,0.6704545454545455,1,TCGA-LGG,protein,vital_status,rf,
0.7558139534883721,0.0,0.0,0.0,0.0,0.0,0.0,0.0,0.0,0.0,0.0,0.5492424242424243,2,TCGA-LGG,protein,vital_status,rf,
0.8235294117647058,0.5161290322580645,0.4210526315789473,0.6666666666666666,0.0,0.0,0.0,0.0,0.0,0.0,0.0,0.7519936204146731,3,TCGA-LGG,protein,vital_status,rf,
0.788235294117647,0.3571428571428571,0.25,0.625,0.0,0.0,0.0,0.0,0.0,0.0,0.0,0.625,4,TCGA-LGG,protein,vital_status,rf,
0.7764705882352941,0.3448275862068966,0.25,0.5555555555555556,0.0,0.0,0.0,0.0,0.0,0.0,0.0,0.7123076923076923,5,TCGA-LGG,protein,vital_status,rf,
0.6976744186046512,0.48,0.6,0.4,0.0,0.0,0.0,0.0,0.0,0.0,0.0,0.7348484848484849,1,TCGA-LGG,protein,vital_status,lr,
0.7441860465116279,0.3888888888888889,0.35,0.4375,0.0,0.0,0.0,0.0,0.0,0.0,0.0,0.7234848484848485,2,TCGA-LGG,protein,vital_status,lr,
0.7058823529411765,0.4897959183673469,0.631578947368421,0.4,0.0,0.0,0.0,0.0,0.0,0.0,0.0,0.7543859649122807,3,TCGA-LGG,protein,vital_status,lr,
0.6941176470588235,0.3809523809523809,0.4,0.3636363636363636,0.0,0.0,0.0,0.0,0.0,0.0,0.0,0.666923076923077,4,TCGA-LGG,protein,vital_status,lr,
0.7294117647058823,0.5490196078431373,0.7,0.4516129032258064,0.0,0.0,0.0,0.0,0.0,0.0,0.0,0.7246153846153847,5,TCGA-LGG,protein,vital_status,lr,
0.7441860465116279,0.5217391304347826,0.6,0.4615384615384615,0.0,0.0,0.0,0.0,0.0,0.0,0.0,0.7159090909090908,1,TCGA-LGG,protein,vital_status,nb,
0.7558139534883721,0.3636363636363636,0.3,0.4615384615384615,0.0,0.0,0.0,0.0,0.0,0.0,0.0,0.6825757575757576,2,TCGA-LGG,protein,vital_status,nb,
0.7647058823529411,0.5454545454545454,0.631578947368421,0.48,0.0,0.0,0.0,0.0,0.0,0.0,0.0,0.7519936204146731,3,TCGA-LGG,protein,vital_status,nb,
0.6823529411764706,0.3720930232558139,0.4,0.3478260869565217,0.0,0.0,0.0,0.0,0.0,0.0,0.0,0.6296153846153846,4,TCGA-LGG,protein,vital_status,nb,
0.7529411764705882,0.5116279069767442,0.55,0.4782608695652174,0.0,0.0,0.0,0.0,0.0,0.0,0.0,0.685,5,TCGA-LGG,protein,vital_status,nb,
0.6770833333333334,0.392156862745098,0.2941176470588235,0.5882352941176471,0.0,0.0,0.0,0.0,0.0,0.0,0.0,0.6221537001897532,1,TCGA-KIRC,protein,vital_status,rf,
0.7368421052631579,0.4897959183673469,0.3636363636363636,0.75,0.0,0.0,0.0,0.0,0.0,0.0,0.0,0.7043010752688171,2,TCGA-KIRC,protein,vital_status,rf,
0.7368421052631579,0.4897959183673469,0.3636363636363636,0.75,0.0,0.0,0.0,0.0,0.0,0.0,0.0,0.7888563049853373,3,TCGA-KIRC,protein,vital_status,rf,
0.7052631578947368,0.44,0.3333333333333333,0.6470588235294118,0.0,0.0,0.0,0.0,0.0,0.0,0.0,0.6664222873900294,4,TCGA-KIRC,protein,vital_status,rf,
0.7263157894736842,0.5185185185185185,0.4242424242424242,0.6666666666666666,0.0,0.0,0.0,0.0,0.0,0.0,0.0,0.749266862170088,5,TCGA-KIRC,protein,vital_status,rf,
0.6458333333333334,0.5405405405405406,0.5882352941176471,0.5,0.0,0.0,0.0,0.0,0.0,0.0,0.0,0.6698292220113852,1,TCGA-KIRC,protein,vital_status,lr,
0.7263157894736842,0.6060606060606061,0.6060606060606061,0.6060606060606061,0.0,0.0,0.0,0.0,0.0,0.0,0.0,0.7448680351906158,2,TCGA-KIRC,protein,vital_status,lr,
0.7789473684210526,0.6956521739130435,0.7272727272727273,0.6666666666666666,0.0,0.0,0.0,0.0,0.0,0.0,0.0,0.8435972629521017,3,TCGA-KIRC,protein,vital_status,lr,
0.7368421052631579,0.6153846153846154,0.6060606060606061,0.625,0.0,0.0,0.0,0.0,0.0,0.0,0.0,0.7952101661779081,4,TCGA-KIRC,protein,vital_status,lr,
0.7368421052631579,0.6575342465753424,0.7272727272727273,0.6,0.0,0.0,0.0,0.0,0.0,0.0,0.0,0.7898338220918866,5,TCGA-KIRC,protein,vital_status,lr,
0.6458333333333334,0.5,0.5,0.5,0.0,0.0,0.0,0.0,0.0,0.0,0.0,0.6453984819734345,1,TCGA-KIRC,protein,vital_status,nb,
0.6842105263157895,0.5454545454545454,0.5454545454545454,0.5454545454545454,0.0,0.0,0.0,0.0,0.0,0.0,0.0,0.6818181818181818,2,TCGA-KIRC,protein,vital_status,nb,
0.8105263157894737,0.7272727272727273,0.7272727272727273,0.7272727272727273,0.0,0.0,0.0,0.0,0.0,0.0,0.0,0.8245356793743891,3,TCGA-KIRC,protein,vital_status,nb,
0.7368421052631579,0.5614035087719298,0.4848484848484848,0.6666666666666666,0.0,0.0,0.0,0.0,0.0,0.0,0.0,0.7634408602150538,4,TCGA-KIRC,protein,vital_status,nb,
0.7368421052631579,0.647887323943662,0.696969696969697,0.6052631578947368,0.0,0.0,0.0,0.0,0.0,0.0,0.0,0.7761485826001956,5,TCGA-KIRC,protein,vital_status,nb,
0.7361111111111112,0.0952380952380952,0.0625,0.2,0.0,0.0,0.0,0.0,0.0,0.0,0.0,0.5675223214285714,1,TCGA-COAD,protein,vital_status,rf,
0.7916666666666666,0.1176470588235294,0.0625,1.0,0.0,0.0,0.0,0.0,0.0,0.0,0.0,0.6283482142857143,2,TCGA-COAD,protein,vital_status,rf,
0.7887323943661971,0.0,0.0,0.0,0.0,0.0,0.0,0.0,0.0,0.0,0.0,0.7047619047619047,3,TCGA-COAD,protein,vital_status,rf,
0.7887323943661971,0.0,0.0,0.0,0.0,0.0,0.0,0.0,0.0,0.0,0.0,0.549404761904762,4,TCGA-COAD,protein,vital_status,rf,
0.7605633802816901,0.0,0.0,0.0,0.0,0.0,0.0,0.0,0.0,0.0,0.0,0.5676136363636364,5,TCGA-COAD,protein,vital_status,rf,
0.6527777777777778,0.2424242424242424,0.25,0.2352941176470588,0.0,0.0,0.0,0.0,0.0,0.0,0.0,0.5089285714285714,1,TCGA-COAD,protein,vital_status,lr,
0.5833333333333334,0.2857142857142857,0.375,0.2307692307692307,0.0,0.0,0.0,0.0,0.0,0.0,0.0,0.5535714285714285,2,TCGA-COAD,protein,vital_status,lr,
0.6901408450704225,0.4761904761904761,0.6666666666666666,0.3703703703703703,0.0,0.0,0.0,0.0,0.0,0.0,0.0,0.7500000000000001,3,TCGA-COAD,protein,vital_status,lr,
0.6056338028169014,0.3333333333333333,0.4666666666666667,0.2592592592592592,0.0,0.0,0.0,0.0,0.0,0.0,0.0,0.5773809523809524,4,TCGA-COAD,protein,vital_status,lr,
0.5915492957746479,0.2926829268292683,0.375,0.24,0.0,0.0,0.0,0.0,0.0,0.0,0.0,0.4772727272727272,5,TCGA-COAD,protein,vital_status,lr,
0.6666666666666666,0.25,0.25,0.25,0.0,0.0,0.0,0.0,0.0,0.0,0.0,0.5016741071428571,1,TCGA-COAD,protein,vital_status,nb,
0.5833333333333334,0.25,0.3125,0.2083333333333333,0.0,0.0,0.0,0.0,0.0,0.0,0.0,0.4988839285714285,2,TCGA-COAD,protein,vital_status,nb,
0.6901408450704225,0.2142857142857142,0.2,0.2307692307692307,0.0,0.0,0.0,0.0,0.0,0.0,0.0,0.6869047619047619,3,TCGA-COAD,protein,vital_status,nb,
0.6901408450704225,0.3125,0.3333333333333333,0.2941176470588235,0.0,0.0,0.0,0.0,0.0,0.0,0.0,0.6327380952380952,4,TCGA-COAD,protein,vital_status,nb,
0.676056338028169,0.2580645161290322,0.25,0.2666666666666666,0.0,0.0,0.0,0.0,0.0,0.0,0.0,0.5193181818181818,5,TCGA-COAD,protein,vital_status,nb,
0.6547619047619048,0.3555555555555555,0.2352941176470588,0.7272727272727273,0.0,0.0,0.0,0.0,0.0,0.0,0.0,0.6305882352941177,1,TCGA-OV,protein,vital_status,rf,
0.5662650602409639,0.1818181818181818,0.1212121212121212,0.3636363636363636,0.0,0.0,0.0,0.0,0.0,0.0,0.0,0.5524242424242424,2,TCGA-OV,protein,vital_status,rf,
0.7349397590361446,0.56,0.4242424242424242,0.8235294117647058,0.0,0.0,0.0,0.0,0.0,0.0,0.0,0.6893939393939393,3,TCGA-OV,protein,vital_status,rf,
0.6144578313253012,0.36,0.2727272727272727,0.5294117647058824,0.0,0.0,0.0,0.0,0.0,0.0,0.0,0.5390909090909091,4,TCGA-OV,protein,vital_status,rf,
0.5662650602409639,0.25,0.1818181818181818,0.4,0.0,0.0,0.0,0.0,0.0,0.0,0.0,0.5296969696969698,5,TCGA-OV,protein,vital_status,rf,
0.6190476190476191,0.5555555555555556,0.5882352941176471,0.5263157894736842,0.0,0.0,0.0,0.0,0.0,0.0,0.0,0.6529411764705881,1,TCGA-OV,protein,vital_status,lr,
0.5180722891566265,0.4736842105263157,0.5454545454545454,0.4186046511627907,0.0,0.0,0.0,0.0,0.0,0.0,0.0,0.5727272727272728,2,TCGA-OV,protein,vital_status,lr,
0.6265060240963856,0.5633802816901409,0.6060606060606061,0.5263157894736842,0.0,0.0,0.0,0.0,0.0,0.0,0.0,0.6757575757575758,3,TCGA-OV,protein,vital_status,lr,
0.6024096385542169,0.4923076923076923,0.4848484848484848,0.5,0.0,0.0,0.0,0.0,0.0,0.0,0.0,0.6187878787878788,4,TCGA-OV,protein,vital_status,lr,
0.5903614457831325,0.5,0.5151515151515151,0.4857142857142857,0.0,0.0,0.0,0.0,0.0,0.0,0.0,0.6690909090909091,5,TCGA-OV,protein,vital_status,lr,
0.6071428571428571,0.4761904761904761,0.4411764705882353,0.5172413793103449,0.0,0.0,0.0,0.0,0.0,0.0,0.0,0.5788235294117646,1,TCGA-OV,protein,vital_status,nb,
0.5662650602409639,0.3793103448275862,0.3333333333333333,0.44,0.0,0.0,0.0,0.0,0.0,0.0,0.0,0.5693939393939393,2,TCGA-OV,protein,vital_status,nb,
0.5783132530120482,0.3859649122807017,0.3333333333333333,0.4583333333333333,0.0,0.0,0.0,0.0,0.0,0.0,0.0,0.5599999999999999,3,TCGA-OV,protein,vital_status,nb,
0.5903614457831325,0.4516129032258064,0.4242424242424242,0.4827586206896552,0.0,0.0,0.0,0.0,0.0,0.0,0.0,0.5678787878787879,4,TCGA-OV,protein,vital_status,nb,
0.6024096385542169,0.4210526315789473,0.3636363636363636,0.5,0.0,0.0,0.0,0.0,0.0,0.0,0.0,0.6087878787878789,5,TCGA-OV,protein,vital_status,nb,
0.5342465753424658,0.15,0.1034482758620689,0.2727272727272727,0.0,0.0,0.0,0.0,0.0,0.0,0.0,0.5097962382445141,1,TCGA-LUAD,protein,vital_status,rf,
0.5694444444444444,0.2051282051282051,0.1379310344827586,0.4,0.0,0.0,0.0,0.0,0.0,0.0,0.0,0.5481154771451483,2,TCGA-LUAD,protein,vital_status,rf,
0.6388888888888888,0.3157894736842105,0.2068965517241379,0.6666666666666666,0.0,0.0,0.0,0.0,0.0,0.0,0.0,0.6230954290296712,3,TCGA-LUAD,protein,vital_status,rf,
0.6388888888888888,0.3157894736842105,0.2068965517241379,0.6666666666666666,0.0,0.0,0.0,0.0,0.0,0.0,0.0,0.5493183640737771,4,TCGA-LUAD,protein,vital_status,rf,
0.625,0.2285714285714285,0.1428571428571428,0.5714285714285714,0.0,0.0,0.0,0.0,0.0,0.0,0.0,0.5198863636363635,5,TCGA-LUAD,protein,vital_status,rf,
0.547945205479452,0.5074626865671642,0.5862068965517241,0.4473684210526316,0.0,0.0,0.0,0.0,0.0,0.0,0.0,0.5862068965517242,1,TCGA-LUAD,protein,vital_status,lr,
0.5416666666666666,0.4590163934426229,0.4827586206896552,0.4375,0.0,0.0,0.0,0.0,0.0,0.0,0.0,0.5781876503608661,2,TCGA-LUAD,protein,vital_status,lr,
0.625,0.5263157894736842,0.5172413793103449,0.5357142857142857,0.0,0.0,0.0,0.0,0.0,0.0,0.0,0.6086607858861267,3,TCGA-LUAD,protein,vital_status,lr,
0.5694444444444444,0.5507246376811594,0.6551724137931034,0.475,0.0,0.0,0.0,0.0,0.0,0.0,0.0,0.6263031275060145,4,TCGA-LUAD,protein,vital_status,lr,
0.6666666666666666,0.5555555555555556,0.5357142857142857,0.5769230769230769,0.0,0.0,0.0,0.0,0.0,0.0,0.0,0.6185064935064936,5,TCGA-LUAD,protein,vital_status,lr,
0.6027397260273972,0.5084745762711864,0.5172413793103449,0.5,0.0,0.0,0.0,0.0,0.0,0.0,0.0,0.6112852664576802,1,TCGA-LUAD,protein,vital_status,nb,
0.5277777777777778,0.4333333333333333,0.4482758620689655,0.4193548387096774,0.0,0.0,0.0,0.0,0.0,0.0,0.0,0.5461106655974338,2,TCGA-LUAD,protein,vital_status,nb,
0.5416666666666666,0.4406779661016949,0.4482758620689655,0.4333333333333333,0.0,0.0,0.0,0.0,0.0,0.0,0.0,0.5589414595028067,3,TCGA-LUAD,protein,vital_status,nb,
0.5694444444444444,0.5633802816901409,0.6896551724137931,0.4761904761904761,0.0,0.0,0.0,0.0,0.0,0.0,0.0,0.6206896551724138,4,TCGA-LUAD,protein,vital_status,nb,
0.5694444444444444,0.392156862745098,0.3571428571428571,0.4347826086956521,0.0,0.0,0.0,0.0,0.0,0.0,0.0,0.5284090909090908,5,TCGA-LUAD,protein,vital_status,nb,
0.7864077669902912,0.3888888888888889,0.28,0.6363636363636364,0.0,0.0,0.0,0.0,0.0,0.0,0.0,0.8158974358974359,1,TCGA-LGG,mrna,vital_status,rf,1000.0
0.7961165048543689,0.5714285714285714,0.56,0.5833333333333334,0.0,0.0,0.0,0.0,0.0,0.0,0.0,0.7728205128205128,2,TCGA-LGG,mrna,vital_status,rf,1000.0
0.7184466019417476,0.3255813953488372,0.2692307692307692,0.4117647058823529,0.0,0.0,0.0,0.0,0.0,0.0,0.0,0.7002997002997002,3,TCGA-LGG,mrna,vital_status,rf,1000.0
0.8529411764705882,0.6153846153846154,0.48,0.8571428571428571,0.0,0.0,0.0,0.0,0.0,0.0,0.0,0.8748051948051948,4,TCGA-LGG,mrna,vital_status,rf,1000.0
0.7549019607843137,0.2857142857142857,0.2,0.5,0.0,0.0,0.0,0.0,0.0,0.0,0.0,0.6618181818181819,5,TCGA-LGG,mrna,vital_status,rf,1000.0
0.7475728155339806,0.4090909090909091,0.36,0.4736842105263157,0.0,0.0,0.0,0.0,0.0,0.0,0.0,0.822051282051282,1,TCGA-LGG,mrna,vital_status,lr,1000.0
0.7766990291262136,0.5660377358490566,0.6,0.5357142857142857,0.0,0.0,0.0,0.0,0.0,0.0,0.0,0.8276923076923077,2,TCGA-LGG,mrna,vital_status,lr,1000.0
0.7766990291262136,0.4390243902439024,0.3461538461538461,0.6,0.0,0.0,0.0,0.0,0.0,0.0,0.0,0.7532467532467533,3,TCGA-LGG,mrna,vital_status,lr,1000.0
0.8137254901960784,0.5581395348837209,0.48,0.6666666666666666,0.0,0.0,0.0,0.0,0.0,0.0,0.0,0.8290909090909091,4,TCGA-LGG,mrna,vital_status,lr,1000.0
0.7352941176470589,0.2285714285714285,0.16,0.4,0.0,0.0,0.0,0.0,0.0,0.0,0.0,0.6961038961038961,5,TCGA-LGG,mrna,vital_status,lr,1000.0
0.8155339805825242,0.5581395348837209,0.48,0.6666666666666666,0.0,0.0,0.0,0.0,0.0,0.0,0.0,0.7784615384615386,1,TCGA-LGG,mrna,vital_status,nb,1000.0
0.7378640776699029,0.509090909090909,0.56,0.4666666666666667,0.0,0.0,0.0,0.0,0.0,0.0,0.0,0.736923076923077,2,TCGA-LGG,mrna,vital_status,nb,1000.0
0.7281553398058253,0.4615384615384615,0.4615384615384615,0.4615384615384615,0.0,0.0,0.0,0.0,0.0,0.0,0.0,0.6740759240759241,3,TCGA-LGG,mrna,vital_status,nb,1000.0
0.8725490196078431,0.723404255319149,0.68,0.7727272727272727,0.0,0.0,0.0,0.0,0.0,0.0,0.0,0.8158441558441559,4,TCGA-LGG,mrna,vital_status,nb,1000.0
0.7549019607843137,0.4186046511627907,0.36,0.5,0.0,0.0,0.0,0.0,0.0,0.0,0.0,0.6519480519480518,5,TCGA-LGG,mrna,vital_status,nb,1000.0
0.7830188679245284,0.6229508196721312,0.5428571428571428,0.7307692307692307,0.0,0.0,0.0,0.0,0.0,0.0,0.0,0.8348088531187122,1,TCGA-KIRC,mrna,vital_status,rf,1000.0
0.7641509433962265,0.6031746031746031,0.5428571428571428,0.6785714285714286,0.0,0.0,0.0,0.0,0.0,0.0,0.0,0.7997987927565392,2,TCGA-KIRC,mrna,vital_status,rf,1000.0
0.7641509433962265,0.6268656716417911,0.6,0.65625,0.0,0.0,0.0,0.0,0.0,0.0,0.0,0.7674044265593561,3,TCGA-KIRC,mrna,vital_status,rf,1000.0
0.6792452830188679,0.4333333333333333,0.3714285714285714,0.52,0.0,0.0,0.0,0.0,0.0,0.0,0.0,0.6730382293762576,4,TCGA-KIRC,mrna,vital_status,rf,1000.0
0.7619047619047619,0.5614035087719298,0.4571428571428571,0.7272727272727273,0.0,0.0,0.0,0.0,0.0,0.0,0.0,0.7763265306122449,5,TCGA-KIRC,mrna,vital_status,rf,1000.0
0.6132075471698113,0.616822429906542,0.9428571428571428,0.4583333333333333,0.0,0.0,0.0,0.0,0.0,0.0,0.0,0.7899396378269619,1,TCGA-KIRC,mrna,vital_status,lr,1000.0
0.3962264150943396,0.5076923076923077,0.9428571428571428,0.3473684210526316,0.0,0.0,0.0,0.0,0.0,0.0,0.0,0.6921529175050302,2,TCGA-KIRC,mrna,vital_status,lr,1000.0
0.3962264150943396,0.5151515151515151,0.9714285714285714,0.3505154639175257,0.0,0.0,0.0,0.0,0.0,0.0,0.0,0.6893360160965795,3,TCGA-KIRC,mrna,vital_status,lr,1000.0
0.4716981132075472,0.4509803921568627,0.6571428571428571,0.3432835820895522,0.0,0.0,0.0,0.0,0.0,0.0,0.0,0.5488933601609658,4,TCGA-KIRC,mrna,vital_status,lr,1000.0
0.4,0.5263157894736842,1.0,0.3571428571428571,0.0,0.0,0.0,0.0,0.0,0.0,0.0,0.7828571428571428,5,TCGA-KIRC,mrna,vital_status,lr,1000.0
0.7075471698113207,0.5373134328358209,0.5142857142857142,0.5625,0.0,0.0,0.0,0.0,0.0,0.0,0.0,0.7603621730382293,1,TCGA-KIRC,mrna,vital_status,nb,1000.0
0.7169811320754716,0.5161290322580645,0.4571428571428571,0.5925925925925926,0.0,0.0,0.0,0.0,0.0,0.0,0.0,0.7197183098591549,2,TCGA-KIRC,mrna,vital_status,nb,1000.0
0.7169811320754716,0.4,0.2857142857142857,0.6666666666666666,0.0,0.0,0.0,0.0,0.0,0.0,0.0,0.7474849094567404,3,TCGA-KIRC,mrna,vital_status,nb,1000.0
0.6226415094339622,0.2592592592592592,0.2,0.3684210526315789,0.0,0.0,0.0,0.0,0.0,0.0,0.0,0.6301810865191146,4,TCGA-KIRC,mrna,vital_status,nb,1000.0
0.7428571428571429,0.4489795918367347,0.3142857142857143,0.7857142857142857,0.0,0.0,0.0,0.0,0.0,0.0,0.0,0.7434693877551021,5,TCGA-KIRC,mrna,vital_status,nb,1000.0
0.7802197802197802,0.0909090909090909,0.05,0.5,0.0,0.0,0.0,0.0,0.0,0.0,0.0,0.8376760563380282,1,TCGA-COAD,mrna,vital_status,rf,1000.0
0.7692307692307693,0.0869565217391304,0.05,0.3333333333333333,0.0,0.0,0.0,0.0,0.0,0.0,0.0,0.7102112676056338,2,TCGA-COAD,mrna,vital_status,rf,1000.0
0.7582417582417582,0.1538461538461538,0.1,0.3333333333333333,0.0,0.0,0.0,0.0,0.0,0.0,0.0,0.6538732394366197,3,TCGA-COAD,mrna,vital_status,rf,1000.0
0.8021978021978022,0.3571428571428571,0.238095238095238,0.7142857142857143,0.0,0.0,0.0,0.0,0.0,0.0,0.0,0.7598639455782312,4,TCGA-COAD,mrna,vital_status,rf,1000.0
0.8131868131868132,0.3703703703703703,0.238095238095238,0.8333333333333334,0.0,0.0,0.0,0.0,0.0,0.0,0.0,0.8258503401360544,5,TCGA-COAD,mrna,vital_status,rf,1000.0
0.7802197802197802,0.0,0.0,0.0,0.0,0.0,0.0,0.0,0.0,0.0,0.0,0.4725352112676056,1,TCGA-COAD,mrna,vital_status,lr,1000.0
0.2967032967032967,0.36,0.9,0.225,0.0,0.0,0.0,0.0,0.0,0.0,0.0,0.6450704225352113,2,TCGA-COAD,mrna,vital_status,lr,1000.0
0.7582417582417582,0.0,0.0,0.0,0.0,0.0,0.0,0.0,0.0,0.0,0.0,0.4323943661971831,3,TCGA-COAD,mrna,vital_status,lr,1000.0
0.7472527472527473,0.0,0.0,0.0,0.0,0.0,0.0,0.0,0.0,0.0,0.0,0.5108843537414967,4,TCGA-COAD,mrna,vital_status,lr,1000.0
0.7692307692307693,0.0,0.0,0.0,0.0,0.0,0.0,0.0,0.0,0.0,0.0,0.4802721088435374,5,TCGA-COAD,mrna,vital_status,lr,1000.0
0.8571428571428571,0.6060606060606061,0.5,0.7692307692307693,0.0,0.0,0.0,0.0,0.0,0.0,0.0,0.7915492957746478,1,TCGA-COAD,mrna,vital_status,nb,1000.0
0.7912087912087912,0.5128205128205128,0.5,0.5263157894736842,0.0,0.0,0.0,0.0,0.0,0.0,0.0,0.7626760563380282,2,TCGA-COAD,mrna,vital_status,nb,1000.0
0.7692307692307693,0.4878048780487805,0.5,0.4761904761904761,0.0,0.0,0.0,0.0,0.0,0.0,0.0,0.7253521126760564,3,TCGA-COAD,mrna,vital_status,nb,1000.0
0.7472527472527473,0.3783783783783784,0.3333333333333333,0.4375,0.0,0.0,0.0,0.0,0.0,0.0,0.0,0.7149659863945579,4,TCGA-COAD,mrna,vital_status,nb,1000.0
0.7802197802197802,0.5652173913043478,0.6190476190476191,0.52,0.0,0.0,0.0,0.0,0.0,0.0,0.0,0.7700680272108844,5,TCGA-COAD,mrna,vital_status,nb,1000.0
0.5595238095238095,0.1777777777777777,0.1290322580645161,0.2857142857142857,0.0,0.0,0.0,0.0,0.0,0.0,0.0,0.5310407790626902,1,TCGA-OV,mrna,vital_status,rf,1000.0
0.7142857142857143,0.4782608695652174,0.34375,0.7857142857142857,0.0,0.0,0.0,0.0,0.0,0.0,0.0,0.7043269230769231,2,TCGA-OV,mrna,vital_status,rf,1000.0
0.6428571428571429,0.3478260869565217,0.25,0.5714285714285714,0.0,0.0,0.0,0.0,0.0,0.0,0.0,0.754206730769231,3,TCGA-OV,mrna,vital_status,rf,1000.0
0.7261904761904762,0.5490196078431373,0.4375,0.7368421052631579,0.0,0.0,0.0,0.0,0.0,0.0,0.0,0.7803485576923077,4,TCGA-OV,mrna,vital_status,rf,1000.0
0.6746987951807228,0.4489795918367347,0.3548387096774194,0.6111111111111112,0.0,0.0,0.0,0.0,0.0,0.0,0.0,0.6783498759305212,5,TCGA-OV,mrna,vital_status,rf,1000.0
0.5476190476190477,0.1739130434782608,0.1290322580645161,0.2666666666666666,0.0,0.0,0.0,0.0,0.0,0.0,0.0,0.480219111381619,1,TCGA-OV,mrna,vital_status,lr,1000.0
0.6309523809523809,0.4150943396226415,0.34375,0.5238095238095238,0.0,0.0,0.0,0.0,0.0,0.0,0.0,0.6063701923076923,2,TCGA-OV,mrna,vital_status,lr,1000.0
0.6547619047619048,0.4313725490196078,0.34375,0.5789473684210527,0.0,0.0,0.0,0.0,0.0,0.0,0.0,0.6640624999999999,3,TCGA-OV,mrna,vital_status,lr,1000.0
0.6190476190476191,0.4074074074074074,0.34375,0.5,0.0,0.0,0.0,0.0,0.0,0.0,0.0,0.7043269230769231,4,TCGA-OV,mrna,vital_status,lr,1000.0
0.6626506024096386,0.4166666666666667,0.3225806451612903,0.5882352941176471,0.0,0.0,0.0,0.0,0.0,0.0,0.0,0.6495037220843672,5,TCGA-OV,mrna,vital_status,lr,1000.0
0.7142857142857143,0.5384615384615384,0.4516129032258064,0.6666666666666666,0.0,0.0,0.0,0.0,0.0,0.0,0.0,0.694765672550213,1,TCGA-OV,mrna,vital_status,nb,1000.0
0.8333333333333334,0.7941176470588235,0.84375,0.75,0.0,0.0,0.0,0.0,0.0,0.0,0.0,0.8401442307692308,2,TCGA-OV,mrna,vital_status,nb,1000.0
0.7738095238095238,0.7532467532467533,0.90625,0.6444444444444445,0.0,0.0,0.0,0.0,0.0,0.0,0.0,0.8203125,3,TCGA-OV,mrna,vital_status,nb,1000.0
0.6666666666666666,0.6216216216216216,0.71875,0.5476190476190477,0.0,0.0,0.0,0.0,0.0,0.0,0.0,0.6823918269230769,4,TCGA-OV,mrna,vital_status,nb,1000.0
0.6385542168674698,0.5833333333333334,0.6774193548387096,0.5121951219512195,0.0,0.0,0.0,0.0,0.0,0.0,0.0,0.6377171215880894,5,TCGA-OV,mrna,vital_status,nb,1000.0
0.6862745098039216,0.4482758620689655,0.3513513513513513,0.6190476190476191,0.0,0.0,0.0,0.0,0.0,0.0,0.0,0.6382536382536383,1,TCGA-LUAD,mrna,vital_status,rf,1000.0
0.7352941176470589,0.5573770491803278,0.4594594594594595,0.7083333333333334,0.0,0.0,0.0,0.0,0.0,0.0,0.0,0.7232848232848232,2,TCGA-LUAD,mrna,vital_status,rf,1000.0
0.6274509803921569,0.3214285714285714,0.2432432432432432,0.4736842105263157,0.0,0.0,0.0,0.0,0.0,0.0,0.0,0.5496881496881496,3,TCGA-LUAD,mrna,vital_status,rf,1000.0
0.6435643564356436,0.3076923076923077,0.2222222222222222,0.5,0.0,0.0,0.0,0.0,0.0,0.0,0.0,0.558119658119658,4,TCGA-LUAD,mrna,vital_status,rf,1000.0
0.7128712871287128,0.4528301886792453,0.3333333333333333,0.7058823529411765,0.0,0.0,0.0,0.0,0.0,0.0,0.0,0.7029914529914529,5,TCGA-LUAD,mrna,vital_status,rf,1000.0
0.6470588235294118,0.1,0.054054054054054,0.6666666666666666,0.0,0.0,0.0,0.0,0.0,0.0,0.0,0.6432432432432432,1,TCGA-LUAD,mrna,vital_status,lr,1000.0
0.6666666666666666,0.2272727272727272,0.1351351351351351,0.7142857142857143,0.0,0.0,0.0,0.0,0.0,0.0,0.0,0.6673596673596673,2,TCGA-LUAD,mrna,vital_status,lr,1000.0
0.4117647058823529,0.4915254237288136,0.7837837837837838,0.3580246913580246,0.0,0.0,0.0,0.0,0.0,0.0,0.0,0.5205821205821206,3,TCGA-LUAD,mrna,vital_status,lr,1000.0
0.6237623762376238,0.05,0.0277777777777777,0.25,0.0,0.0,0.0,0.0,0.0,0.0,0.0,0.558974358974359,4,TCGA-LUAD,mrna,vital_status,lr,1000.0
0.6138613861386139,0.0930232558139534,0.0555555555555555,0.2857142857142857,0.0,0.0,0.0,0.0,0.0,0.0,0.0,0.5794871794871795,5,TCGA-LUAD,mrna,vital_status,lr,1000.0
0.6666666666666666,0.6382978723404256,0.8108108108108109,0.5263157894736842,0.0,0.0,0.0,0.0,0.0,0.0,0.0,0.7164241164241164,1,TCGA-LUAD,mrna,vital_status,nb,1000.0
0.6764705882352942,0.6373626373626373,0.7837837837837838,0.5370370370370371,0.0,0.0,0.0,0.0,0.0,0.0,0.0,0.7106029106029106,2,TCGA-LUAD,mrna,vital_status,nb,1000.0
0.5980392156862745,0.5287356321839081,0.6216216216216216,0.46,0.0,0.0,0.0,0.0,0.0,0.0,0.0,0.6226611226611227,3,TCGA-LUAD,mrna,vital_status,nb,1000.0
0.7326732673267327,0.6301369863013698,0.6388888888888888,0.6216216216216216,0.0,0.0,0.0,0.0,0.0,0.0,0.0,0.7818376068376068,4,TCGA-LUAD,mrna,vital_status,nb,1000.0
0.7326732673267327,0.6966292134831461,0.8611111111111112,0.5849056603773585,0.0,0.0,0.0,0.0,0.0,0.0,0.0,0.7918803418803418,5,TCGA-LUAD,mrna,vital_status,nb,1000.0
0.5980392156862745,0.4654535864978903,0.5350877192982456,0.4172974488365573,0.5980392156862745,0.5980392156862745,0.5980392156862745,0.5202128319682303,0.5980392156862745,0.4663912663467405,0.6463882378009801,0.6579105516194331,1,TCGA-LGG,mirna,primary_diagnosis,rf,
0.6078431372549019,0.4754273504273504,0.543859649122807,0.428735632183908,0.6078431372549019,0.6078431372549019,0.6078431372549019,0.5313599798893917,0.6078431372549019,0.4791751183231914,0.7195468428155408,0.7296042088394062,2,TCGA-LGG,mirna,primary_diagnosis,rf,
0.6274509803921569,0.5192701315222273,0.5633288349077823,0.5914702581369248,0.6274509803921569,0.6274509803921569,0.6274509803921569,0.5695280743947922,0.6274509803921569,0.6031392354921766,0.7378744939271256,0.748694734541774,3,TCGA-LGG,mirna,primary_diagnosis,rf,
0.6274509803921569,0.4828209764918625,0.5535312640575799,0.4335124707179275,0.6274509803921569,0.6274509803921569,0.6274509803921569,0.5466262454348828,0.6274509803921569,0.4903298235375175,0.7003733693207378,0.7121957231770829,4,TCGA-LGG,mirna,primary_diagnosis,rf,
0.5784313725490197,0.4636914059594472,0.5144579397210977,0.4671971706454465,0.5784313725490197,0.5784313725490197,0.5784313725490197,0.5166194562798565,0.5784313725490197,0.5024184740209081,0.6259626630679263,0.6413580201272088,5,TCGA-LGG,mirna,primary_diagnosis,rf,
0.4901960784313725,0.4851190476190476,0.4790823211875843,0.5043859649122807,0.4901960784313725,0.4901960784313725,0.4901960784313725,0.5054271708683473,0.4901960784313725,0.532765737874097,0.6208537538177428,0.6290907557354927,1,TCGA-LGG,mirna,primary_diagnosis,lr,
0.4509803921568627,0.3923564358346967,0.4116059379217274,0.3896440567164852,0.4509803921568627,0.4509803921568627,0.4509803921568627,0.4278208293553563,0.4509803921568627,0.4224126385524115,0.615757511186874,0.6239878542510121,2,TCGA-LGG,mirna,primary_diagnosis,lr,
0.4607843137254901,0.4305858145727426,0.4308142150247413,0.4343163296651668,0.4607843137254901,0.4607843137254901,0.4607843137254901,0.4614268728551697,0.4607843137254901,0.4665472466430058,0.6555825461088619,0.6665157245694526,3,TCGA-LGG,mirna,primary_diagnosis,lr,
0.4607843137254901,0.4169134958608643,0.4264777327935223,0.4134970210485085,0.4607843137254901,0.4607843137254901,0.4607843137254901,0.4474331997551812,0.4607843137254901,0.4400814194191499,0.60638326585695,0.6140652622231569,4,TCGA-LGG,mirna,primary_diagnosis,lr,
0.4705882352941176,0.4327114745719396,0.4343499775078722,0.4489979937332342,0.4705882352941176,0.4705882352941176,0.4705882352941176,0.4660693615549977,0.4705882352941176,0.4804564687848495,0.5929644624381466,0.6007358331645613,5,TCGA-LGG,mirna,primary_diagnosis,lr,
0.3529411764705882,0.3358024691358025,0.3967611336032388,0.4581456456456457,0.3529411764705882,0.3529411764705882,0.3529411764705882,0.3282498184458968,0.3529411764705882,0.4802486309839251,0.6128720079551104,0.6185370276653172,1,TCGA-LGG,mirna,primary_diagnosis,nb,
0.3627450980392157,0.3272486772486773,0.4055330634278002,0.3904761904761904,0.3627450980392157,0.3627450980392157,0.3627450980392157,0.3167289137877372,0.3627450980392157,0.4028011204481793,0.6348018325165139,0.642839068825911,2,TCGA-LGG,mirna,primary_diagnosis,nb,
0.3333333333333333,0.3040132164188588,0.3772019793072425,0.4254545454545455,0.3333333333333333,0.3333333333333333,0.3333333333333333,0.2983972849528679,0.3333333333333333,0.4511586452762923,0.5776270805218173,0.5833280259376751,3,TCGA-LGG,mirna,primary_diagnosis,nb,
0.3431372549019608,0.3219047619047619,0.4012325686009896,0.5152777777777777,0.3431372549019608,0.3431372549019608,0.3431372549019608,0.3115966386554621,0.3431372549019608,0.5493055555555556,0.6026090868196132,0.6077102925704899,4,TCGA-LGG,mirna,primary_diagnosis,nb,
0.3333333333333333,0.3086686641129695,0.3872244714349978,0.443061568061568,0.3333333333333333,0.3333333333333333,0.3333333333333333,0.2985669103610648,0.3333333333333333,0.4682097586509351,0.6303171390013496,0.634901749890785,5,TCGA-LGG,mirna,primary_diagnosis,nb,
0.970873786407767,0.0,0.0,0.0,0.0,0.0,0.0,0.0,0.0,0.0,0.0,0.9916666666666668,1,TCGA-KIRC,mirna,primary_diagnosis,rf,
0.970873786407767,0.0,0.0,0.0,0.0,0.0,0.0,0.0,0.0,0.0,0.0,0.9533333333333334,2,TCGA-KIRC,mirna,primary_diagnosis,rf,
0.9803921568627452,0.0,0.0,0.0,0.0,0.0,0.0,0.0,0.0,0.0,0.0,1.0,3,TCGA-KIRC,mirna,primary_diagnosis,rf,
0.9803921568627452,0.0,0.0,0.0,0.0,0.0,0.0,0.0,0.0,0.0,0.0,0.99,4,TCGA-KIRC,mirna,primary_diagnosis,rf,
0.9705882352941176,0.0,0.0,0.0,0.0,0.0,0.0,0.0,0.0,0.0,0.0,0.9747474747474748,5,TCGA-KIRC,mirna,primary_diagnosis,rf,
0.6796116504854369,0.0571428571428571,0.3333333333333333,0.03125,0.0,0.0,0.0,0.0,0.0,0.0,0.0,0.5233333333333333,1,TCGA-KIRC,mirna,primary_diagnosis,lr,
0.6407766990291263,0.0975609756097561,0.6666666666666666,0.0526315789473684,0.0,0.0,0.0,0.0,0.0,0.0,0.0,0.72,2,TCGA-KIRC,mirna,primary_diagnosis,lr,
0.6666666666666666,0.0,0.0,0.0,0.0,0.0,0.0,0.0,0.0,0.0,0.0,0.165,3,TCGA-KIRC,mirna,primary_diagnosis,lr,
0.6568627450980392,0.054054054054054,0.5,0.0285714285714285,0.0,0.0,0.0,0.0,0.0,0.0,0.0,0.71,4,TCGA-KIRC,mirna,primary_diagnosis,lr,
0.6470588235294118,0.1,0.6666666666666666,0.054054054054054,0.0,0.0,0.0,0.0,0.0,0.0,0.0,0.7542087542087542,5,TCGA-KIRC,mirna,primary_diagnosis,lr,
0.9223300970873788,0.3333333333333333,0.6666666666666666,0.2222222222222222,0.0,0.0,0.0,0.0,0.0,0.0,0.0,0.725,1,TCGA-KIRC,mirna,primary_diagnosis,nb,
0.8252427184466019,0.25,1.0,0.1428571428571428,0.0,0.0,0.0,0.0,0.0,0.0,0.0,0.925,2,TCGA-KIRC,mirna,primary_diagnosis,nb,
0.8921568627450981,0.1538461538461538,0.5,0.0909090909090909,0.0,0.0,0.0,0.0,0.0,0.0,0.0,0.5825,3,TCGA-KIRC,mirna,primary_diagnosis,nb,
0.8431372549019608,0.2,1.0,0.1111111111111111,0.0,0.0,0.0,0.0,0.0,0.0,0.0,0.955,4,TCGA-KIRC,mirna,primary_diagnosis,nb,
0.9117647058823528,0.4,1.0,0.25,0.0,0.0,0.0,0.0,0.0,0.0,0.0,0.9646464646464646,5,TCGA-KIRC,mirna,primary_diagnosis,nb,
0.8620689655172413,0.0,0.0,0.0,0.0,0.0,0.0,0.0,0.0,0.0,0.0,0.6727777777777778,1,TCGA-COAD,mirna,primary_diagnosis,rf,
0.8505747126436781,0.0,0.0,0.0,0.0,0.0,0.0,0.0,0.0,0.0,0.0,0.7827442827442828,2,TCGA-COAD,mirna,primary_diagnosis,rf,
0.8505747126436781,0.0,0.0,0.0,0.0,0.0,0.0,0.0,0.0,0.0,0.0,0.7697505197505198,3,TCGA-COAD,mirna,primary_diagnosis,rf,
0.8275862068965517,0.0,0.0,0.0,0.0,0.0,0.0,0.0,0.0,0.0,0.0,0.6735966735966736,4,TCGA-COAD,mirna,primary_diagnosis,rf,
0.8620689655172413,0.1428571428571428,0.0769230769230769,1.0,0.0,0.0,0.0,0.0,0.0,0.0,0.0,0.6075883575883576,5,TCGA-COAD,mirna,primary_diagnosis,rf,
0.6206896551724138,0.3265306122448979,0.6666666666666666,0.2162162162162162,0.0,0.0,0.0,0.0,0.0,0.0,0.0,0.6944444444444444,1,TCGA-COAD,mirna,primary_diagnosis,lr,
0.6781609195402298,0.2631578947368421,0.3846153846153846,0.2,0.0,0.0,0.0,0.0,0.0,0.0,0.0,0.6008316008316008,2,TCGA-COAD,mirna,primary_diagnosis,lr,
0.5977011494252874,0.2857142857142857,0.5384615384615384,0.1944444444444444,0.0,0.0,0.0,0.0,0.0,0.0,0.0,0.6153846153846154,3,TCGA-COAD,mirna,primary_diagnosis,lr,
0.5747126436781609,0.3018867924528302,0.6153846153846154,0.2,0.0,0.0,0.0,0.0,0.0,0.0,0.0,0.6288981288981289,4,TCGA-COAD,mirna,primary_diagnosis,lr,
0.5747126436781609,0.2745098039215686,0.5384615384615384,0.1842105263157894,0.0,0.0,0.0,0.0,0.0,0.0,0.0,0.5914760914760915,5,TCGA-COAD,mirna,primary_diagnosis,lr,
0.4022988505747126,0.2972972972972973,0.9166666666666666,0.1774193548387097,0.0,0.0,0.0,0.0,0.0,0.0,0.0,0.6577777777777778,1,TCGA-COAD,mirna,primary_diagnosis,nb,
0.5632183908045977,0.2962962962962963,0.6153846153846154,0.1951219512195122,0.0,0.0,0.0,0.0,0.0,0.0,0.0,0.5504158004158004,2,TCGA-COAD,mirna,primary_diagnosis,nb,
0.3333333333333333,0.2564102564102564,0.7692307692307693,0.1538461538461538,0.0,0.0,0.0,0.0,0.0,0.0,0.0,0.5758835758835759,3,TCGA-COAD,mirna,primary_diagnosis,nb,
0.4597701149425287,0.2769230769230769,0.6923076923076923,0.173076923076923,0.0,0.0,0.0,0.0,0.0,0.0,0.0,0.6101871101871101,4,TCGA-COAD,mirna,primary_diagnosis,nb,
0.425287356321839,0.2647058823529412,0.6923076923076923,0.1636363636363636,0.0,0.0,0.0,0.0,0.0,0.0,0.0,0.5904365904365905,5,TCGA-COAD,mirna,primary_diagnosis,nb,
0.9896907216494846,0.0,0.0,0.0,0.0,0.0,0.0,0.0,0.0,0.0,0.0,1.0,1,TCGA-OV,mirna,primary_diagnosis,rf,
0.9896907216494846,0.0,0.0,0.0,0.0,0.0,0.0,0.0,0.0,0.0,0.0,0.9895833333333331,2,TCGA-OV,mirna,primary_diagnosis,rf,
0.9896907216494846,0.0,0.0,0.0,0.0,0.0,0.0,0.0,0.0,0.0,0.0,0.9791666666666669,3,TCGA-OV,mirna,primary_diagnosis,rf,
0.6494845360824743,0.1459532029152282,0.1746031746031746,0.2743055555555556,0.6494845360824743,0.6494845360824743,0.6494845360824743,0.5213125645071358,0.6494845360824743,0.6292955326460482,0.6333273596176824,0.6498945688403117,1,TCGA-LUAD,mirna,primary_diagnosis,rf,
0.6597938144329897,0.1606203267792855,0.1825396825396825,0.2754385964912281,0.6597938144329897,0.6597938144329897,0.6597938144329897,0.5424775956627373,0.6597938144329897,0.6336408030385242,0.572455837173579,0.6271949466112537,2,TCGA-LUAD,mirna,primary_diagnosis,rf,
0.6185567010309279,0.1273885350318471,0.1639344262295081,0.1041666666666666,0.6185567010309279,0.6185567010309279,0.6185567010309279,0.4806618950686191,0.6185567010309279,0.393041237113402,0.5088974000346951,0.5396587363735339,3,TCGA-LUAD,mirna,primary_diagnosis,rf,
0.6288659793814433,0.1286919831223628,0.1666666666666666,0.1048109965635738,0.6288659793814433,0.6288659793814433,0.6288659793814433,0.4855800600287094,0.6288659793814433,0.3954724200233819,0.5475374598837714,0.5131356343582006,4,TCGA-LUAD,mirna,primary_diagnosis,rf,
0.6185567010309279,0.141038961038961,0.1691386937288576,0.1474014336917562,0.6185567010309279,0.6185567010309279,0.6185567010309279,0.4991779354665953,0.6185567010309279,0.4530816982596164,0.4996057767369244,0.5232293013061724,5,TCGA-LUAD,mirna,primary_diagnosis,rf,
0.1855670103092783,0.1836006904972421,0.4375192012288786,0.2303157003157003,0.1855670103092783,0.1855670103092783,0.1855670103092783,0.1371585873541081,0.1855670103092783,0.5001263595078028,0.6806208397337429,0.6362878520393571,1,TCGA-LUAD,mirna,primary_diagnosis,lr,
0.0824742268041237,0.086560729243656,0.2678571428571428,0.0639499389499389,0.0824742268041237,0.0824742268041237,0.0824742268041237,0.0520210909700474,0.0824742268041237,0.0488614478305199,0.5568697729988052,0.5392544735307676,2,TCGA-LUAD,mirna,primary_diagnosis,lr,
0.134020618556701,0.1620603797074385,0.2701014832162373,0.1808432308432308,0.134020618556701,0.134020618556701,0.134020618556701,0.1201748053173159,0.134020618556701,0.3184818617808309,0.5908871107641599,0.5923481821614694,3,TCGA-LUAD,mirna,primary_diagnosis,lr,
0.1443298969072164,0.1338601532567049,0.2599206349206349,0.0943060373207432,0.1443298969072164,0.1443298969072164,0.1443298969072164,0.0925228107595686,0.1443298969072164,0.0700939789781512,0.5680913348946136,0.5596325815125393,4,TCGA-LUAD,mirna,primary_diagnosis,lr,
0.1443298969072164,0.1227355072463767,0.243559718969555,0.19004884004884,0.1443298969072164,0.1443298969072164,0.1443298969072164,0.1158168982519049,0.1443298969072164,0.4767153808390921,0.602905282331512,0.5695714841490375,5,TCGA-LUAD,mirna,primary_diagnosis,lr,
0.2577319587628865,0.1923661277376448,0.4575652841781874,0.242528305028305,0.2577319587628865,0.2577319587628865,0.2577319587628865,0.2839404707442752,0.2577319587628865,0.6430502487203519,0.7356272401433692,0.7147027963760175,1,TCGA-LUAD,mirna,primary_diagnosis,nb,
0.1546391752577319,0.1174969438379687,0.19668458781362,0.181421502474134,0.1546391752577319,0.1546391752577319,0.1546391752577319,0.1803721355698716,0.1546391752577319,0.489612810773961,0.542536695681857,0.5125025266332952,2,TCGA-LUAD,mirna,primary_diagnosis,nb,
0.2577319587628865,0.2360707624734509,0.3817330210772833,0.2816681369312948,0.2577319587628865,0.2577319587628865,0.2577319587628865,0.2633039085493489,0.2577319587628865,0.5958057737764737,0.6415230071992366,0.6213962633792997,3,TCGA-LUAD,mirna,primary_diagnosis,nb,
0.2371134020618556,0.1906823798735761,0.3415625813166796,0.2097578347578348,0.2371134020618556,0.2371134020618556,0.2371134020618556,0.2529919625814402,0.2371134020618556,0.4493876112432813,0.5838299071905629,0.5719852493068566,4,TCGA-LUAD,mirna,primary_diagnosis,nb,
0.2268041237113402,0.1571245985449302,0.2960187353629976,0.2187888198757764,0.2268041237113402,0.2268041237113402,0.2268041237113402,0.2546780960437967,0.2268041237113402,0.5631395274380483,0.5821539162112933,0.5995565526910746,5,TCGA-LUAD,mirna,primary_diagnosis,nb,
0.5348837209302325,0.4667076874738165,0.489245395127748,0.479328165374677,0.5348837209302325,0.5348837209302325,0.5348837209302325,0.5018209706647442,0.5348837209302325,0.4987380566071751,0.7029931669637551,0.714447342894034,1,TCGA-LGG,protein,primary_diagnosis,rf,
0.5232558139534884,0.428369341563786,0.4792038027332144,0.4411764705882353,0.5232558139534884,0.5232558139534884,0.5232558139534884,0.4690191645133505,0.5232558139534884,0.472549019607843,0.6706847890671419,0.6801213186323481,2,TCGA-LGG,protein,primary_diagnosis,rf,
0.627906976744186,0.5457282502443793,0.5818620992534036,0.5601851851851851,0.627906976744186,0.627906976744186,0.627906976744186,0.5814035327013571,0.627906976744186,0.5789728682170542,0.7059361733274777,0.7155667800509885,3,TCGA-LGG,protein,primary_diagnosis,rf,
0.5176470588235295,0.4705128205128204,0.4854845304620416,0.4627587145969499,0.5176470588235295,0.5176470588235295,0.5176470588235295,0.5014027149321267,0.5176470588235295,0.4920727604767398,0.6933502945496949,0.7033071493159997,4,TCGA-LGG,protein,primary_diagnosis,rf,
0.5647058823529412,0.4604236343366778,0.5198915693668317,0.4928571428571428,0.5647058823529412,0.5647058823529412,0.5647058823529412,0.497199816381402,0.5647058823529412,0.5089355742296918,0.7594460345584784,0.7663646719602614,5,TCGA-LGG,protein,primary_diagnosis,rf,
0.5930232558139535,0.5498724954462659,0.5569221628045157,0.5585403319470983,0.5930232558139535,0.5930232558139535,0.5930232558139535,0.5766882704282629,0.5930232558139535,0.5741470210758265,0.7166518122400475,0.7239023639758934,1,TCGA-LGG,protein,primary_diagnosis,lr,
0.5232558139534884,0.4512393162393162,0.4819370172311348,0.4520908004778972,0.5232558139534884,0.5232558139534884,0.5232558139534884,0.489221824686941,0.5232558139534884,0.4845211302825706,0.6942810457516341,0.7016047983878866,2,TCGA-LGG,protein,primary_diagnosis,lr,
0.5930232558139535,0.5577603844060289,0.5630654369784804,0.5553122087604846,0.5930232558139535,0.5930232558139535,0.5930232558139535,0.5841122156207728,0.5930232558139535,0.5781079997399163,0.7338310642658469,0.7429018100059938,3,TCGA-LGG,protein,primary_diagnosis,lr,
0.5058823529411764,0.4911297852474323,0.4829857798373541,0.5022927689594355,0.5058823529411764,0.5058823529411764,0.5058823529411764,0.5174493326742462,0.5058823529411764,0.5319265483971366,0.6972195720321657,0.7077869770656443,4,TCGA-LGG,protein,primary_diagnosis,lr,
0.5294117647058824,0.507106225421429,0.5089727863341057,0.5058823529411764,0.5294117647058824,0.5294117647058824,0.5294117647058824,0.5260778045781245,0.5294117647058824,0.5233217993079584,0.7394863174473368,0.7456736388822764,5,TCGA-LGG,protein,primary_diagnosis,lr,
0.4069767441860465,0.4083159877093864,0.414913844325609,0.4289975594323421,0.4069767441860465,0.4069767441860465,0.4069767441860465,0.4137259783277666,0.4069767441860465,0.446054205407087,0.6380867498514559,0.64124821767285,1,TCGA-LGG,protein,primary_diagnosis,nb,
0.5348837209302325,0.5198592257415787,0.5398692810457516,0.5452402004126142,0.5348837209302325,0.5348837209302325,0.5348837209302325,0.5253779508225473,0.5348837209302325,0.5663232784323402,0.7144310754604871,0.7166287246250481,2,TCGA-LGG,protein,primary_diagnosis,nb,
0.5232558139534884,0.5274768505631947,0.5413263065436978,0.610479797979798,0.5232558139534884,0.5232558139534884,0.5232558139534884,0.5333285862800666,0.5232558139534884,0.6354166666666667,0.7204582052408139,0.7252350648166891,3,TCGA-LGG,protein,primary_diagnosis,nb,
0.4705882352941176,0.4804170636180798,0.4792452258719126,0.5421241399502269,0.4705882352941176,0.4705882352941176,0.4705882352941176,0.4878579567743261,0.4705882352941176,0.5626688883722132,0.6715316584132176,0.6776481966094821,4,TCGA-LGG,protein,primary_diagnosis,nb,
0.5411764705882353,0.5434294519040281,0.5454242575681856,0.5702031462901028,0.5411764705882353,0.5411764705882353,0.5411764705882353,0.5520001035853478,0.5411764705882353,0.5908660677202877,0.7029023367104327,0.7078367786824042,5,TCGA-LGG,protein,primary_diagnosis,nb,
0.9791666666666666,0.0,0.0,0.0,0.0,0.0,0.0,0.0,0.0,0.0,0.0,1.0,1,TCGA-KIRC,protein,primary_diagnosis,rf,
0.9894736842105264,0.0,0.0,0.0,0.0,0.0,0.0,0.0,0.0,0.0,0.0,0.9893617021276596,2,TCGA-KIRC,protein,primary_diagnosis,rf,
0.9789473684210528,0.5,0.5,0.5,0.0,0.0,0.0,0.0,0.0,0.0,0.0,0.978494623655914,3,TCGA-KIRC,protein,primary_diagnosis,rf,
0.9789473684210528,0.0,0.0,0.0,0.0,0.0,0.0,0.0,0.0,0.0,0.0,0.989247311827957,4,TCGA-KIRC,protein,primary_diagnosis,rf,
0.9789473684210528,0.0,0.0,0.0,0.0,0.0,0.0,0.0,0.0,0.0,0.0,0.9811827956989247,5,TCGA-KIRC,protein,primary_diagnosis,rf,
1.0,1.0,1.0,1.0,0.0,0.0,0.0,0.0,0.0,0.0,0.0,1.0,1,TCGA-KIRC,protein,primary_diagnosis,lr,
0.968421052631579,0.4,1.0,0.25,0.0,0.0,0.0,0.0,0.0,0.0,0.0,0.9893617021276596,2,TCGA-KIRC,protein,primary_diagnosis,lr,
0.936842105263158,0.4,1.0,0.25,0.0,0.0,0.0,0.0,0.0,0.0,0.0,0.978494623655914,3,TCGA-KIRC,protein,primary_diagnosis,lr,
0.9894736842105264,0.8,1.0,0.6666666666666666,0.0,0.0,0.0,0.0,0.0,0.0,0.0,0.989247311827957,4,TCGA-KIRC,protein,primary_diagnosis,lr,
0.9578947368421052,0.5,1.0,0.3333333333333333,0.0,0.0,0.0,0.0,0.0,0.0,0.0,0.9838709677419356,5,TCGA-KIRC,protein,primary_diagnosis,lr,
1.0,1.0,1.0,1.0,0.0,0.0,0.0,0.0,0.0,0.0,0.0,1.0,1,TCGA-KIRC,protein,primary_diagnosis,nb,
0.968421052631579,0.4,1.0,0.25,0.0,0.0,0.0,0.0,0.0,0.0,0.0,0.9840425531914894,2,TCGA-KIRC,protein,primary_diagnosis,nb,
0.9473684210526316,0.4444444444444444,1.0,0.2857142857142857,0.0,0.0,0.0,0.0,0.0,0.0,0.0,0.9731182795698924,3,TCGA-KIRC,protein,primary_diagnosis,nb,
0.9894736842105264,0.8,1.0,0.6666666666666666,0.0,0.0,0.0,0.0,0.0,0.0,0.0,0.9946236559139784,4,TCGA-KIRC,protein,primary_diagnosis,nb,
0.9578947368421052,0.5,1.0,0.3333333333333333,0.0,0.0,0.0,0.0,0.0,0.0,0.0,0.978494623655914,5,TCGA-KIRC,protein,primary_diagnosis,nb,
0.8732394366197183,0.0,0.0,0.0,0.0,0.0,0.0,0.0,0.0,0.0,0.0,0.7267025089605735,1,TCGA-COAD,protein,primary_diagnosis,rf,
0.8857142857142857,0.3333333333333333,0.25,0.5,0.0,0.0,0.0,0.0,0.0,0.0,0.0,0.7469758064516129,2,TCGA-COAD,protein,primary_diagnosis,rf,
0.8714285714285714,0.1818181818181818,0.1111111111111111,0.5,0.0,0.0,0.0,0.0,0.0,0.0,0.0,0.5819672131147542,3,TCGA-COAD,protein,primary_diagnosis,rf,
0.8714285714285714,0.0,0.0,0.0,0.0,0.0,0.0,0.0,0.0,0.0,0.0,0.6557377049180327,4,TCGA-COAD,protein,primary_diagnosis,rf,
0.8714285714285714,0.0,0.0,0.0,0.0,0.0,0.0,0.0,0.0,0.0,0.0,0.7313296903460837,5,TCGA-COAD,protein,primary_diagnosis,rf,
0.7887323943661971,0.4,0.5555555555555556,0.3125,0.0,0.0,0.0,0.0,0.0,0.0,0.0,0.7275985663082437,1,TCGA-COAD,protein,primary_diagnosis,lr,
0.7428571428571429,0.25,0.375,0.1875,0.0,0.0,0.0,0.0,0.0,0.0,0.0,0.7358870967741935,2,TCGA-COAD,protein,primary_diagnosis,lr,
0.6857142857142857,0.3888888888888889,0.7777777777777778,0.2592592592592592,0.0,0.0,0.0,0.0,0.0,0.0,0.0,0.7887067395264117,3,TCGA-COAD,protein,primary_diagnosis,lr,
0.6857142857142857,0.2666666666666666,0.4444444444444444,0.1904761904761904,0.0,0.0,0.0,0.0,0.0,0.0,0.0,0.6939890710382514,4,TCGA-COAD,protein,primary_diagnosis,lr,
0.8428571428571429,0.5925925925925926,0.8888888888888888,0.4444444444444444,0.0,0.0,0.0,0.0,0.0,0.0,0.0,0.8615664845173041,5,TCGA-COAD,protein,primary_diagnosis,lr,
0.8028169014084507,0.3636363636363636,0.4444444444444444,0.3076923076923077,0.0,0.0,0.0,0.0,0.0,0.0,0.0,0.6792114695340501,1,TCGA-COAD,protein,primary_diagnosis,nb,
0.7571428571428571,0.2608695652173913,0.375,0.2,0.0,0.0,0.0,0.0,0.0,0.0,0.0,0.751008064516129,2,TCGA-COAD,protein,primary_diagnosis,nb,
0.7142857142857143,0.2307692307692307,0.3333333333333333,0.1764705882352941,0.0,0.0,0.0,0.0,0.0,0.0,0.0,0.644808743169399,3,TCGA-COAD,protein,primary_diagnosis,nb,
0.8,0.4166666666666667,0.5555555555555556,0.3333333333333333,0.0,0.0,0.0,0.0,0.0,0.0,0.0,0.7067395264116576,4,TCGA-COAD,protein,primary_diagnosis,nb,
0.7714285714285715,0.1111111111111111,0.1111111111111111,0.1111111111111111,0.0,0.0,0.0,0.0,0.0,0.0,0.0,0.6958105646630236,5,TCGA-COAD,protein,primary_diagnosis,nb,
0.6666666666666666,0.1684210526315789,0.1851851851851852,0.1961538461538461,0.6666666666666666,0.6666666666666666,0.6666666666666666,0.5675057208237986,0.6666666666666666,0.5501672240802676,0.5618641975308643,0.6073465629697948,1,TCGA-LUAD,protein,primary_diagnosis,rf,
0.6521739130434783,0.1505602240896358,0.174074074074074,0.1927860696517413,0.6521739130434783,0.6521739130434783,0.6521739130434783,0.5379978078187797,0.6521739130434783,0.5369889682024659,0.607074074074074,0.626423885885158,2,TCGA-LUAD,protein,primary_diagnosis,rf,
0.6666666666666666,0.1703703703703703,0.1867724867724867,0.1961538461538461,0.6666666666666666,0.6666666666666666,0.6666666666666666,0.56682769726248,0.6666666666666666,0.5429208472686734,0.5449823633156966,0.580771407512701,3,TCGA-LUAD,protein,primary_diagnosis,rf,
0.6521739130434783,0.151739975269387,0.1748677248677248,0.1666666666666666,0.6521739130434783,0.6521739130434783,0.6521739130434783,0.5409091956406534,0.6521739130434783,0.5024154589371981,0.5760449735449735,0.601400794249053,4,TCGA-LUAD,protein,primary_diagnosis,rf,
0.6911764705882353,0.1768018018018018,0.1904761904761904,0.2803030303030303,0.6911764705882353,0.6911764705882353,0.6911764705882353,0.5880365659777426,0.6911764705882353,0.6570855614973262,0.5470370370370371,0.5922695795884201,5,TCGA-LUAD,protein,primary_diagnosis,rf,
0.3768115942028985,0.1586971586971587,0.1333333333333333,0.1964472309299895,0.3768115942028985,0.3768115942028985,0.3768115942028985,0.4537648015908885,0.3768115942028985,0.5710780973149788,0.6358271604938271,0.6487711841860216,1,TCGA-LUAD,protein,primary_diagnosis,lr,
0.4202898550724637,0.2056429271619145,0.2611111111111111,0.2039565826330532,0.4202898550724637,0.4202898550724637,0.4202898550724637,0.4589131083352327,0.4202898550724637,0.5242814517111192,0.656246913580247,0.6256536235111495,2,TCGA-LUAD,protein,primary_diagnosis,lr,
0.3478260869565217,0.1473429951690821,0.1298941798941799,0.1840277777777777,0.3478260869565217,0.3478260869565217,0.3478260869565217,0.4268010922075195,0.3478260869565217,0.5797101449275363,0.5268165784832451,0.5437496560008999,3,TCGA-LUAD,protein,primary_diagnosis,lr,
0.3768115942028985,0.2732199103166845,0.4002645502645502,0.2919489007724302,0.3768115942028985,0.3768115942028985,0.3768115942028985,0.4444272417624451,0.3768115942028985,0.6934192737261791,0.6496472663139329,0.6695299656120551,4,TCGA-LUAD,protein,primary_diagnosis,lr,
0.3823529411764705,0.2466731423020884,0.2965608465608465,0.2537393162393162,0.3823529411764705,0.3823529411764705,0.3823529411764705,0.4428249007227952,0.3823529411764705,0.5657051282051281,0.5426366843033511,0.5553028292158727,5,TCGA-LUAD,protein,primary_diagnosis,lr,
0.5362318840579711,0.2798101673101673,0.3,0.2725108225108225,0.5362318840579711,0.5362318840579711,0.5362318840579711,0.5590691623300319,0.5362318840579711,0.6038961038961039,0.6152345679012347,0.6594441020289719,1,TCGA-LUAD,protein,primary_diagnosis,nb,
0.463768115942029,0.1968660968660968,0.2222222222222222,0.1906746031746032,0.463768115942029,0.463768115942029,0.463768115942029,0.4790040876997398,0.463768115942029,0.5178571428571429,0.4420246913580246,0.4403543901605066,2,TCGA-LUAD,protein,primary_diagnosis,nb,
0.463768115942029,0.1683760683760683,0.1841269841269841,0.1676190476190476,0.463768115942029,0.463768115942029,0.463768115942029,0.474544778892605,0.463768115942029,0.5121325051759834,0.558968253968254,0.5676903780759504,3,TCGA-LUAD,protein,primary_diagnosis,nb,
0.4057971014492754,0.2648792850473522,0.3007936507936508,0.2796411318150448,0.4057971014492754,0.4057971014492754,0.4057971014492754,0.4376080867129461,0.4057971014492754,0.5809283763915144,0.6569312169312169,0.6722956585518775,4,TCGA-LUAD,protein,primary_diagnosis,nb,
0.3970588235294117,0.1324675324675324,0.1246031746031746,0.1488095238095238,0.3970588235294117,0.3970588235294117,0.3970588235294117,0.4478227654698243,0.3970588235294117,0.5257352941176471,0.5276014109347442,0.5837268206833425,5,TCGA-LUAD,protein,primary_diagnosis,nb,
0.5436893203883495,0.4661910966820528,0.4934772829509671,0.4527334779685101,0.5436893203883495,0.5436893203883495,0.5436893203883495,0.5098996791628687,0.5436893203883495,0.4885306226370681,0.6825474064846535,0.6933089114832537,1,TCGA-LGG,mrna,primary_diagnosis,rf,1000.0
0.6310679611650486,0.5399479747305834,0.5744489428699956,0.545125786163522,0.6310679611650486,0.6310679611650486,0.6310679611650486,0.5855819289757661,0.6310679611650486,0.5748030774867191,0.7198865012630195,0.7291438733050576,2,TCGA-LGG,mrna,primary_diagnosis,rf,1000.0
0.6504854368932039,0.55856524427953,0.5922177237966711,0.6052178086076391,0.6504854368932039,0.6504854368932039,0.6504854368932039,0.6037718176414432,0.6504854368932039,0.6255169342218874,0.7365263503927473,0.7486257346454716,3,TCGA-LGG,mrna,primary_diagnosis,rf,1000.0
0.6601941747572816,0.5635893246187363,0.600314889788574,0.636943666355431,0.6601941747572816,0.6601941747572816,0.6601941747572816,0.6089774097341202,0.6601941747572816,0.6524163063283566,0.7685603308072944,0.778668361974283,4,TCGA-LGG,mrna,primary_diagnosis,rf,1000.0
0.5784313725490197,0.497924297924298,0.5296896086369771,0.514412997903564,0.5784313725490197,0.5784313725490197,0.5784313725490197,0.5363355598649716,0.5784313725490197,0.5357164878530029,0.7223391220967397,0.7303580465587044,5,TCGA-LGG,mrna,primary_diagnosis,rf,1000.0
0.4854368932038835,0.452125371768474,0.4680611785874944,0.472135955831608,0.4854368932038835,0.4854368932038835,0.4854368932038835,0.4672004584496671,0.4854368932038835,0.4892108384088122,0.703423993909824,0.712773173463963,1,TCGA-LGG,mrna,primary_diagnosis,lr,1000.0
0.5533980582524272,0.5204404941584214,0.528115159694107,0.5333800186741363,0.5533980582524272,0.5533980582524272,0.5533980582524272,0.54424641274917,0.5533980582524272,0.5580960539555628,0.6951494861413888,0.7041680724246513,2,TCGA-LGG,mrna,primary_diagnosis,lr,1000.0
0.6310679611650486,0.6164787976382179,0.6221322537112011,0.6214470284237726,0.6310679611650486,0.6310679611650486,0.6310679611650486,0.6299735784750558,0.6310679611650486,0.6402423421389328,0.8011522890065401,0.8102270719047034,3,TCGA-LGG,mrna,primary_diagnosis,lr,1000.0
0.5728155339805825,0.5429495804539892,0.5445344129554656,0.5423950780048342,0.5728155339805825,0.5728155339805825,0.5728155339805825,0.5705157789977695,0.5728155339805825,0.5693367722446576,0.7283080729437005,0.7386231823731824,4,TCGA-LGG,mrna,primary_diagnosis,lr,1000.0
0.5196078431372549,0.4947339580250973,0.4932523616734143,0.5001752172694142,0.5196078431372549,0.5196078431372549,0.5196078431372549,0.5229914290227022,0.5196078431372549,0.5306217945546595,0.7105707081468854,0.7199730094466936,5,TCGA-LGG,mrna,primary_diagnosis,lr,1000.0
0.4951456310679611,0.4797043010752688,0.4847053531264058,0.504903563255966,0.4951456310679611,0.4951456310679611,0.4951456310679611,0.4989116818039462,0.4951456310679611,0.5340757973447761,0.6782111837779855,0.6895779841503525,1,TCGA-LGG,mrna,primary_diagnosis,nb,1000.0
0.5728155339805825,0.5503731025798108,0.5582546108861898,0.5674074074074074,0.5728155339805825,0.5728155339805825,0.5728155339805825,0.5708660914845823,0.5728155339805825,0.5957713052858684,0.7473485241703864,0.7550281315906315,2,TCGA-LGG,mrna,primary_diagnosis,nb,1000.0
0.6213592233009708,0.616343896713615,0.6171839856050382,0.6334728867623606,0.6213592233009708,0.6213592233009708,0.6213592233009708,0.633572063448653,0.6213592233009708,0.6618113299577276,0.7599311394857954,0.7704744086323033,3,TCGA-LGG,mrna,primary_diagnosis,nb,1000.0
0.6116504854368932,0.6004524623433224,0.5960413855150697,0.6142857142857143,0.6116504854368932,0.6116504854368932,0.6116504854368932,0.6248583127964106,0.6116504854368932,0.6465121971118544,0.7665403647185024,0.7781535350614298,4,TCGA-LGG,mrna,primary_diagnosis,nb,1000.0
0.4803921568627451,0.4765863384740827,0.4662618083670715,0.5041187739463602,0.4803921568627451,0.4803921568627451,0.4803921568627451,0.5005697579737075,0.4803921568627451,0.536956276763579,0.6778402230272036,0.6878742830634278,5,TCGA-LGG,mrna,primary_diagnosis,nb,1000.0
0.981132075471698,0.0,0.0,0.0,0.0,0.0,0.0,0.0,0.0,0.0,0.0,0.9711538461538464,1,TCGA-KIRC,mrna,primary_diagnosis,rf,1000.0
0.9622641509433962,0.0,0.0,0.0,0.0,0.0,0.0,0.0,0.0,0.0,0.0,0.9902912621359224,2,TCGA-KIRC,mrna,primary_diagnosis,rf,1000.0
0.9716981132075472,0.0,0.0,0.0,0.0,0.0,0.0,0.0,0.0,0.0,0.0,1.0,3,TCGA-KIRC,mrna,primary_diagnosis,rf,1000.0
0.9716981132075472,0.0,0.0,0.0,0.0,0.0,0.0,0.0,0.0,0.0,0.0,0.9498381877022654,4,TCGA-KIRC,mrna,primary_diagnosis,rf,1000.0
0.9809523809523808,0.0,0.0,0.0,0.0,0.0,0.0,0.0,0.0,0.0,0.0,0.9635922330097086,5,TCGA-KIRC,mrna,primary_diagnosis,rf,1000.0
0.7452830188679245,0.1290322580645161,1.0,0.0689655172413793,0.0,0.0,0.0,0.0,0.0,0.0,0.0,0.8605769230769231,1,TCGA-KIRC,mrna,primary_diagnosis,lr,1000.0
0.7169811320754716,0.0625,0.3333333333333333,0.0344827586206896,0.0,0.0,0.0,0.0,0.0,0.0,0.0,0.7119741100323623,2,TCGA-KIRC,mrna,primary_diagnosis,lr,1000.0
0.7924528301886793,0.0833333333333333,0.3333333333333333,0.0476190476190476,0.0,0.0,0.0,0.0,0.0,0.0,0.0,0.7087378640776698,3,TCGA-KIRC,mrna,primary_diagnosis,lr,1000.0
0.7264150943396226,0.1212121212121212,0.6666666666666666,0.0666666666666666,0.0,0.0,0.0,0.0,0.0,0.0,0.0,0.6537216828478963,4,TCGA-KIRC,mrna,primary_diagnosis,lr,1000.0
0.819047619047619,0.1739130434782608,1.0,0.0952380952380952,0.0,0.0,0.0,0.0,0.0,0.0,0.0,0.8349514563106796,5,TCGA-KIRC,mrna,primary_diagnosis,lr,1000.0
0.9905660377358492,0.6666666666666666,0.5,1.0,0.0,0.0,0.0,0.0,0.0,0.0,0.0,0.7283653846153846,1,TCGA-KIRC,mrna,primary_diagnosis,nb,1000.0
0.9622641509433962,0.3333333333333333,0.3333333333333333,0.3333333333333333,0.0,0.0,0.0,0.0,0.0,0.0,0.0,0.6537216828478964,2,TCGA-KIRC,mrna,primary_diagnosis,nb,1000.0
0.9905660377358492,0.8,0.6666666666666666,1.0,0.0,0.0,0.0,0.0,0.0,0.0,0.0,0.9967637540453076,3,TCGA-KIRC,mrna,primary_diagnosis,nb,1000.0
0.9716981132075472,0.4,0.3333333333333333,0.5,0.0,0.0,0.0,0.0,0.0,0.0,0.0,0.645631067961165,4,TCGA-KIRC,mrna,primary_diagnosis,nb,1000.0
0.9809523809523808,0.6666666666666666,1.0,0.5,0.0,0.0,0.0,0.0,0.0,0.0,0.0,0.9902912621359224,5,TCGA-KIRC,mrna,primary_diagnosis,nb,1000.0
0.8666666666666667,0.25,0.1538461538461538,0.6666666666666666,0.0,0.0,0.0,0.0,0.0,0.0,0.0,0.7987012987012987,1,TCGA-COAD,mrna,primary_diagnosis,rf,1000.0
0.8444444444444444,0.125,0.0769230769230769,0.3333333333333333,0.0,0.0,0.0,0.0,0.0,0.0,0.0,0.8461538461538463,2,TCGA-COAD,mrna,primary_diagnosis,rf,1000.0
0.9,0.5714285714285714,0.4615384615384615,0.75,0.0,0.0,0.0,0.0,0.0,0.0,0.0,0.9375624375624376,3,TCGA-COAD,mrna,primary_diagnosis,rf,1000.0
0.8666666666666667,0.3333333333333333,0.2307692307692307,0.6,0.0,0.0,0.0,0.0,0.0,0.0,0.0,0.8746253746253747,4,TCGA-COAD,mrna,primary_diagnosis,rf,1000.0
0.8539325842696629,0.3157894736842105,0.2307692307692307,0.5,0.0,0.0,0.0,0.0,0.0,0.0,0.0,0.8193319838056681,5,TCGA-COAD,mrna,primary_diagnosis,rf,1000.0
0.7555555555555555,0.3888888888888889,0.5384615384615384,0.3043478260869565,0.0,0.0,0.0,0.0,0.0,0.0,0.0,0.7702297702297702,1,TCGA-COAD,mrna,primary_diagnosis,lr,1000.0
0.8333333333333334,0.4444444444444444,0.4615384615384615,0.4285714285714285,0.0,0.0,0.0,0.0,0.0,0.0,0.0,0.7372627372627373,2,TCGA-COAD,mrna,primary_diagnosis,lr,1000.0
0.7555555555555555,0.4761904761904761,0.7692307692307693,0.3448275862068966,0.0,0.0,0.0,0.0,0.0,0.0,0.0,0.8051948051948052,3,TCGA-COAD,mrna,primary_diagnosis,lr,1000.0
0.8,0.55,0.8461538461538461,0.4074074074074074,0.0,0.0,0.0,0.0,0.0,0.0,0.0,0.904095904095904,4,TCGA-COAD,mrna,primary_diagnosis,lr,1000.0
0.797752808988764,0.4705882352941176,0.6153846153846154,0.3809523809523809,0.0,0.0,0.0,0.0,0.0,0.0,0.0,0.819838056680162,5,TCGA-COAD,mrna,primary_diagnosis,lr,1000.0
0.8444444444444444,0.4615384615384615,0.4615384615384615,0.4615384615384615,0.0,0.0,0.0,0.0,0.0,0.0,0.0,0.8301698301698301,1,TCGA-COAD,mrna,primary_diagnosis,nb,1000.0
0.8444444444444444,0.5,0.5384615384615384,0.4666666666666667,0.0,0.0,0.0,0.0,0.0,0.0,0.0,0.8461538461538463,2,TCGA-COAD,mrna,primary_diagnosis,nb,1000.0
0.8444444444444444,0.5625,0.6923076923076923,0.4736842105263157,0.0,0.0,0.0,0.0,0.0,0.0,0.0,0.8111888111888113,3,TCGA-COAD,mrna,primary_diagnosis,nb,1000.0
0.9,0.6086956521739131,0.5384615384615384,0.7,0.0,0.0,0.0,0.0,0.0,0.0,0.0,0.9255744255744256,4,TCGA-COAD,mrna,primary_diagnosis,nb,1000.0
0.8426966292134831,0.4615384615384615,0.4615384615384615,0.4615384615384615,0.0,0.0,0.0,0.0,0.0,0.0,0.0,0.8370445344129556,5,TCGA-COAD,mrna,primary_diagnosis,nb,1000.0
0.6326530612244898,0.1647426647426647,0.1824116743471582,0.1902173913043478,0.6326530612244898,0.6326530612244898,0.6326530612244898,0.5323791854404099,0.6326530612244898,0.5128660159716061,0.5992906212664277,0.6273839995589999,1,TCGA-LUAD,mrna,primary_diagnosis,rf,1000.0
0.6428571428571429,0.157008547008547,0.1798515104966718,0.1914893617021277,0.6428571428571429,0.6428571428571429,0.6428571428571429,0.5290528519099947,0.6428571428571429,0.5176943117672601,0.6874642643795869,0.7265622241709617,2,TCGA-LUAD,mrna,primary_diagnosis,rf,1000.0
0.6530612244897959,0.1857983811626195,0.1982846902201741,0.2030794839783603,0.6530612244897959,0.6530612244897959,0.6530612244897959,0.56581970536559,0.6530612244897959,0.5384468394099212,0.6697318228366616,0.6748345957209958,3,TCGA-LUAD,mrna,primary_diagnosis,rf,1000.0
0.6701030927835051,0.1911027568922305,0.2009728622631848,0.2301587301587301,0.6701030927835051,0.6701030927835051,0.6701030927835051,0.5819316332067281,0.6701030927835051,0.5807560137457044,0.7242739802013994,0.7570512707369969,4,TCGA-LUAD,mrna,primary_diagnosis,rf,1000.0
0.6082474226804123,0.1488163203166628,0.1708892200695479,0.1531746031746031,0.6082474226804123,0.6082474226804123,0.6082474226804123,0.5060563184646497,0.6082474226804123,0.4630829651448208,0.5537769084285478,0.5849869250478672,5,TCGA-LUAD,mrna,primary_diagnosis,rf,1000.0
0.1836734693877551,0.0577601410934744,0.1376088069636456,0.1992337164750958,0.1836734693877551,0.1836734693877551,0.1836734693877551,0.0875445416261742,0.1836734693877551,0.6745249824067557,0.5459250725379758,0.5313126358688102,1,TCGA-LUAD,mrna,primary_diagnosis,lr,1000.0
0.0510204081632653,0.0472208035410282,0.1746031746031746,0.186437908496732,0.0510204081632653,0.0510204081632653,0.0510204081632653,0.0273342227595839,0.0510204081632653,0.2191276510604241,0.4912591739204642,0.4880738887205595,2,TCGA-LUAD,mrna,primary_diagnosis,lr,1000.0
0.0510204081632653,0.0391351943076081,0.1888888888888888,0.0232815964523281,0.0510204081632653,0.0510204081632653,0.0510204081632653,0.0090647096276934,0.0510204081632653,0.0052717317525679,0.4358900836320191,0.4411937284188046,3,TCGA-LUAD,mrna,primary_diagnosis,lr,1000.0
0.5670103092783505,0.1472222222222222,0.1784946236559139,0.1264227642276423,0.5670103092783505,0.5670103092783505,0.5670103092783505,0.486254295532646,0.5670103092783505,0.4260749308524013,0.5641739204642431,0.6132555309772845,4,TCGA-LUAD,mrna,primary_diagnosis,lr,1000.0
0.0824742268041237,0.0621458487312145,0.1330601092896175,0.120770202020202,0.0824742268041237,0.0824742268041237,0.0824742268041237,0.1146859594181696,0.0824742268041237,0.3518666041861918,0.5225347739692002,0.5008648311923737,5,TCGA-LUAD,mrna,primary_diagnosis,lr,1000.0
0.2142857142857142,0.1438370118845501,0.2438556067588325,0.2100389863547758,0.2142857142857142,0.2142857142857142,0.2142857142857142,0.2585873670350992,0.2142857142857142,0.5712325030262732,0.5354540023894863,0.532529616763591,1,TCGA-LUAD,mrna,primary_diagnosis,nb,1000.0
0.3265306122448979,0.2723965382880111,0.3915130568356375,0.3127001137837051,0.3265306122448979,0.3265306122448979,0.3265306122448979,0.3712585661802558,0.3265306122448979,0.6271524804253685,0.6939254778972521,0.6958390060591128,2,TCGA-LUAD,mrna,primary_diagnosis,nb,1000.0
0.3061224489795918,0.2165984165984165,0.2759856630824372,0.2520477207977207,0.3061224489795918,0.3061224489795918,0.3061224489795918,0.3829363686506543,0.3061224489795918,0.5897599424385138,0.6081097456903908,0.6033341220820578,3,TCGA-LUAD,mrna,primary_diagnosis,nb,1000.0
0.268041237113402,0.160312244649594,0.2134664618535586,0.2273982056590752,0.268041237113402,0.268041237113402,0.268041237113402,0.3444437812839253,0.268041237113402,0.6289940449510149,0.6257181259600614,0.6595985864016471,4,TCGA-LUAD,mrna,primary_diagnosis,nb,1000.0
0.26804123711340205,0.13088624338624338,0.1383921179003146,0.17771883289124668,0.26804123711340205,0.26804123711340205,0.26804123711340205,0.3501922762232041,0.26804123711340205,0.5317892203779158,0.5042179996688193,0.5322926735499048,5,TCGA-LUAD,mrna,primary_diagnosis,nb,1000
